nombre,precio,enlace
Pastillas Goma Forma Anillos Arcor Paq 1000 Grm," $9.477,81 ",https://www.cotodigital.com.ar/sitios/cdigi/productos/pastillas-goma-forma-anillos-arcor-paq-1000-grm/_/R-00194155-00194155-200%3F
Chocolate 50% Cacao ARCOR 25g," $874,71 ",https://www.cotodigital.com.ar/sitios/cdigi/productos/chocolate-50-cacao-arcor-25g/_/R-00474736-00474736-200%3F
Chocolate Blanco ARCOR 25g," $832,71 ",https://www.cotodigital.com.ar/sitios/cdigi/productos/chocolate-blanco-arcor-25g/_/R-00165125-00165125-200%3F
Chocolate Con Leche ARCOR 25g," $832,71 ",https://www.cotodigital.com.ar/sitios/cdigi/productos/chocolate-con-leche-arcor-25g/_/R-00142956-00142956-200%3F
Turron Mani ARCOR 25g," $237,35 ",https://www.cotodigital.com.ar/sitios/cdigi/productos/turron-mani-arcor-25g/_/R-00112643-00112643-200%3F
Oblea Mini Rhodesia Clásicas 60g," $1.768,00 ",https://www.cotodigital.com.ar/sitios/cdigi/productos/oblea-mini-rhodesia-cl%C3%A1sicas-60g/_/R-00200630-00200630-200%3F
Alfajor TERRABUSI Triple Clásico 70g," $1.250,01 ",https://www.cotodigital.com.ar/sitios/cdigi/productos/alfajor-terrabusi-triple-cl%C3%A1sico-70g/_/R-00140200-00140200-200%3F
Alfajor TERRABUSI Triple Torta 70g," $1.250,01 ",https://www.cotodigital.com.ar/sitios/cdigi/productos/alfajor-terrabusi-triple-torta-70g/_/R-00140105-00140105-200%3F
Alfajor Chocolate Clásico TERRABUSI 6u," $4.830,07 ",https://www.cotodigital.com.ar/sitios/cdigi/productos/alfajor-chocolate-cl%C3%A1sico-terrabusi-6u/_/R-00002722-00002722-200%3F
Alfajor PEPITOS Triple 57g," $1.250,01 ",https://www.cotodigital.com.ar/sitios/cdigi/productos/alfajor-pepitos-triple-57g/_/R-00140268-00140268-200%3F
Oblea RHODESIA Clásica 4u," $2.892,50 ",https://www.cotodigital.com.ar/sitios/cdigi/productos/oblea-rhodesia-cl%C3%A1sica-4u/_/R-00055675-00055675-200%3F
Confites De Chocolate ROCKLETS 40g," $1.110,06 ",https://www.cotodigital.com.ar/sitios/cdigi/productos/confites-de-chocolate-rocklets-40g/_/R-00134868-00134868-200%3F
Confites Mini ROCKLETS 150g," $3.731,52 ",https://www.cotodigital.com.ar/sitios/cdigi/productos/confites-mini-rocklets-150g/_/R-00464851-00464851-200%3F
Confites ROCKLETS Lentejas 150g," $3.731,52 ",https://www.cotodigital.com.ar/sitios/cdigi/productos/confites-rocklets-lentejas-150g/_/R-00283559-00283559-200%3F
Bombon BON O BON Blanco X 1 Unidad," $438,69 ",https://www.cotodigital.com.ar/sitios/cdigi/productos/bombon-bon-o-bon-blanco-x-1-unidad/_/R-00118609-00118609-200%3F
Bombón BON O BON 1u," $438,69 ",https://www.cotodigital.com.ar/sitios/cdigi/productos/bomb%C3%B3n-bon-o-bon-1u/_/R-00118608-00118608-200%3F
Caramelos SUGUS Confitados 50 Grs," $1.071,39 ",https://www.cotodigital.com.ar/sitios/cdigi/productos/caramelos-sugus-confitados-50-grs/_/R-00112649-00112649-200%3F
Chocolate MILKA Con Leche 20g," $876,60 ",https://www.cotodigital.com.ar/sitios/cdigi/productos/chocolate-milka-con-leche-20g/_/R-00193214-00193214-200%3F
Chocolate MILKA Chocopause 45g," $1.404,00 ",https://www.cotodigital.com.ar/sitios/cdigi/productos/chocolate-milka-chocopause-45g/_/R-00298033-00298033-200%3F
Chocolate MILKA Oreo Blanco 20g," $954,00 ",https://www.cotodigital.com.ar/sitios/cdigi/productos/chocolate-milka-oreo-blanco-20g/_/R-00140302-00140302-200%3F
Chocolate MILKA Con Almendras 155g," $6.450,00 ",https://www.cotodigital.com.ar/sitios/cdigi/productos/chocolate-milka-con-almendras-155g/_/R-00010145-00010145-200%3F
Chocolate MILKA Oreo Blanco 155g," $6.450,00 ",https://www.cotodigital.com.ar/sitios/cdigi/productos/chocolate-milka-oreo-blanco-155g/_/R-00201441-00201441-200%3F
Chocolate MILKA Con Almendras  55g," $2.670,60 ",https://www.cotodigital.com.ar/sitios/cdigi/productos/chocolate-milka-con-almendras-55g/_/R-00162456-00162456-200%3F
"Chocolate MILKA Relleno Dulce De Leche 67,5g"," $3.222,00 ",https://www.cotodigital.com.ar/sitios/cdigi/productos/chocolate-milka-relleno-dulce-de-leche-67-5g/_/R-00281896-00281896-200%3F
